<lsf>
    <initials>
        <reference length="10" />
        <!-- axis length; "0" means no axis displayed -->
        <root id="funFair" />
        <!-- identifier of root node of the scene graph; this node -->
        <!-- must be defined in one of the following NODE declarations -->
    </initials>


    <views default="defaultCamera">
        <!-- at least one of the following type of cameras must be declared -->
        <perspective id="defaultCamera" near="0.1" far="500" angle="40">
            <from x="30" y="15" z="30" />
            <to x="0" y="2" z="0" />
        </perspective>
        <perspective id="perspectiveCameraFar" near="0.1" far="500" angle="40">
            <from x="0" y="15" z="30" />
            <to x="0" y="2" z="0" />
        </perspective>
        <ortho id="orthoCameraCentral" near="0.1" far="500" left="-15" right="15" bottom="-15" top="15">
            <from x="20" y="10" z="20" />
            <to x="0" y="0" z="0" />
            <up x="0" y="1" z="0" /><!-- optional, default 0,1,0 -->
        </ortho>
        <ortho id="orthoCameraRight" near="0.1" far="500" left="-15" right="15" bottom="-15" top="15">
            <from x="20" y="1" z="5" />
            <to x="0" y="0" z="0" />
            <up x="0" y="1" z="0" /><!-- optional, default 0,1,0 -->
        </ortho>
        <ortho id="orthoCameraFront" near="0.1" far="500" left="-15" right="15" bottom="-15" top="15">
            <from x="5" y="1" z="20" />
            <to x="0" y="0" z="0" />
            <up x="0" y="1" z="0" /><!-- optional, default 0,1,0 -->
        </ortho>
    </views>


    <illumination>
        <ambient r="0.5" g="0.3" b="0.4" a="0.8" /><!-- global ambient -->
        <background r="0.53" g="0.81" b="0.93" a="1.0" /><!-- background color -->
    </illumination>


    <lights>
        <!-- NOTE: this block "light" must be repeated as necessary with different "id". At least one light should be present, and a maximum of eight lights is accepted. -->
        <light id="defaultLight">
            <enable value="1" />
            
            <position x="10" y="20" z="9.5" w="1.0" /><!-- light position; w=1: point light; w=0: directional light -->
            <ambient r="0" g="0" b="0" a="1.0" />
            <diffuse r="1.0" g="1.0" b="1.0" a="1.0" />
            <specular r="1.0" g="1.0" b="1.0" a="1.0" />
        </light>
        <light id="specularLight">
            <enable value="0" />
            
            <position x="10" y="5" z="0" w="0" /><!-- light position; w=1: point light; w=0: directional light -->
            <ambient r="0" g="0" b="0" a="1.0" />
            <diffuse r="0.8" g="0.8" b="0.8" a="0.1" />
            <specular r="1.0" g="1.0" b="1.0" a="1.0" />
        </light>
        <light id="diffuseLight">
            <enable value="0" />
            
            <position x="0" y="5" z="10" w="0" /><!-- light position; w=1: point light; w=0: directional light -->
            <ambient r="0" g="0" b="0" a="1.0" />
            <diffuse r="1.0" g="1.0" b="1.0" a="0.7" />
            <specular r="0.8" g="0.8" b="0.8" a="0.1" />
        </light>
    </lights>


    <textures>
        <!-- NOTE: this block "TEXTURE" must be repeated as necessary with different "id" -->
        <texture id="topLogo" path="./scenes/images/popcornTop.png" />
        <texture id="middleTexture" path="./scenes/images/popcornGlass.png" />
        <texture id="bottomLogo" path="./scenes/images/popcornBottom.png" />
        <texture id="wheelsTexture" path="./scenes/images/wheelsTexture.png" />  
        <texture id="groundTexture" path="./scenes/images/groundTexture.jpg" />
        <texture id="backgroundImage" path="./scenes/images/backgroundImage.jpg" />
    </textures>


    <materials>
        <!-- NOTE: the "MATERIAL" block may be repeated as required. Each defined material
         requires a distinct "id". At least one material should be present. -->
        <material id="redMetal">
            <shininess value="10" />
            <ambient r="1.0" g="0.0" b="0.0" a="1.0" />
            <diffuse r="0.3" g="0.0" b="0.0" a="1.0" />
            <specular r="1" g="0.2" b="0.0" a="1.0" />
            <emissive r="0.1" g="0.0" b="0.0" a="1.0" />
        </material>
        <material id="greyMetal">
            <shininess value="10" />
            <ambient r="0.0" g="0.0" b="0.0" a="1.0" />
            <diffuse r="0.2" g="0.3" b="0.3" a="1.0" />
            <specular r="0.5" g="0.5" b="0.7" a="1.0" />
            <emissive r="0.2" g="0.3" b="0.3" a="1.0" />
        </material>
        <material id="blackMetal">
            <shininess value="50" />
            <ambient r="0.0" g="0.0" b="0.0" a="1.0" />
            <diffuse r="0.0" g="0.0" b="0.0" a="1.0" />
            <specular r="1.0" g="1.0" b="1.0" a="1.0" />
            <emissive r="0.0" g="0.0" b="0.0" a="0.0" />
        </material>
        <material id="yellowRubber">
            <shininess value="4" />
            <ambient r="1.0" g="0.0" b="0.0" a="1.0" />
            <diffuse r="0.7" g="0.7" b="0.0" a="0.7" />
            <specular r="1.0" g="1.0" b="0.0" a="0.2" />
            <emissive r="0.0" g="0.0" b="0.0" a="0.0" />
        </material>
        <material id="greyDiffuse">
            <shininess value="10" />
            <ambient r="0.0" g="0.0" b="0.0" a="1.0" />
            <diffuse r="0.8" g="0.8" b="0.8" a="1.0" />
            <specular r="0.1" g="0.1" b="0.1" a="1.0" />
            <emissive r="0.2" g="0.3" b="0.3" a="1.0" />
        </material>
        <material id="whiteDiffuse">
            <shininess value="10" />
            <ambient r="1.0" g="0.0" b="0.0" a="1.0" />
            <diffuse r="1.0" g="1.0" b="1.0" a="1.0" />
            <specular r="0.1" g="0.1" b="0.1" a="1.0" />
            <emissive r="0.1" g="0.1" b="0.1" a="1.0" />
        </material>
    </materials>


    <nodes>
        <!--_________ UNIT CUBE _________-->
        <node id="cubeFront"> <!-- Facing Z+ -->
            <material id="null"/>
            <texture id="null">
                <amplification afs="1.0" aft="1.0" />
            </texture>
            <transformations>
                <translation x="0" y="0" z="0.5" />
            </transformations>
            <descendants>
                <leaf type="rectangle" x1="-0.5" y1="-0.5" x2="0.5" y2="0.5" />
            </descendants>
        </node>

        <node id="cubeBack"> <!-- Facing Z- -->
            <material id="null"/>
            <texture id="null">
                <amplification afs="1.0" aft="1.0" />
            </texture>
            <transformations>
                <translation x="0" y="0" z="-0.5" />
                <rotation axis="x" angle="180" />
            </transformations>
            <descendants>
                <leaf type="rectangle" x1="-0.5" y1="-0.5" x2="0.5" y2="0.5" />
            </descendants>
        </node>

        <node id="cubeBottom"> <!-- Facing Y- -->
            <material id="null"/>
            <texture id="null">
                <amplification afs="1.0" aft="1.0" />
            </texture>
            <transformations>
                <translation x="0" y="-0.5" z="0" />
                <rotation axis="x" angle="90" />
            </transformations>
            <descendants>
                <leaf type="rectangle" x1="-0.5" y1="-0.5" x2="0.5" y2="0.5"  />
            </descendants>
        </node>

        <node id="cubeRight"> <!-- Facing X+ -->
            <material id="null"/>
            <texture id="null">
                <amplification afs="1.0" aft="1.0" />
            </texture>
            <transformations>
                <translation x="0.5" y="0" z="0" />
                <rotation axis="y" angle="90" />
            </transformations>
            <descendants>
                <leaf type="rectangle" x1="-0.5" y1="-0.5" x2="0.5" y2="0.5" />
            </descendants>
        </node>

        <node id="cubeLeft"> <!-- Facing X- -->
            <material id="null"/>
            <texture id="null">
                <amplification afs="1.0" aft="1.0" />
            </texture>
            <transformations>
                <translation x="-0.5" y="0" z="0" />
                <rotation axis="y" angle="-90" />
            </transformations>
            <descendants>
                <leaf type="rectangle" x1="-0.5" y1="-0.5" x2="0.5" y2="0.5" />
            </descendants>
        </node>

        <node id="cubeSides"> <!-- Joins the 4 sides of the Cube- -->
            <material id="null"/>
            <texture id="null">
                <amplification afs="1.0" aft="1.0" />
            </texture>
            <transformations>
            </transformations>
            <descendants>
                <noderef id="cubeFront" />
                <noderef id="cubeBack" />
                <noderef id="cubeRight" />
                <noderef id="cubeLeft" />
            </descendants>
        </node>


        <!--_________ POPCORN CAR _________-->

        <!-- _______ Popcorn Car LEGS _______-->

        <node id="smallLeg">
            <material id="null" />
            <texture id="null">
                <amplification afs="1.0" aft="1.0" />
            </texture>
            <transformations>
                <rotation axis="x" angle="-90" />
            </transformations>
            <descendants>
                <leaf type="cylinder" height="0.4" topRadius="0.05" bottomRadius="0.05" stacks="5" slices="20"/>
            </descendants>
        </node>

        <node id="smallLegFront"> <!-- Small Leg Z+ -->
            <material id="null" />
            <texture id="null">
                <amplification afs="1.0" aft="1.0" />
            </texture>
            <transformations>
                <translation x="-0.4" y="0.6" z="0.4" />
            </transformations>
            <descendants>
                <noderef id="smallLeg" />
            </descendants>
        </node>

        <node id="smallLegBack"> <!-- Small Leg Z- -->
            <material id="null" />
            <texture id="null">
                <amplification afs="1.0" aft="1.0" />
            </texture>
            <transformations>
                <translation x="-0.4" y="0.6" z="-0.4" />
            </transformations>
            <descendants>
                <noderef id="smallLeg" />
            </descendants>
        </node>

        <node id="bigLeg">
            <material id="null" />
            <texture id="null">
                <amplification afs="1.0" aft="1.0" />
            </texture>
            <transformations>
                <rotation axis="x" angle="-90" />
            </transformations>
            <descendants>
                <leaf type="cylinder" height="1" topRadius="0.05" bottomRadius="0.05" stacks="5" slices="20"/>
            </descendants>
        </node>

        <node id="bigLegFront"> <!-- Big Leg Z+  -->
            <material id="null" />
            <texture id="null">
                <amplification afs="1.0" aft="1.0" />
            </texture>
            <transformations>
                <translation x="0.4" y="0.0" z="0.4" />
            </transformations>
            <descendants>
                <noderef id="bigLeg" />
            </descendants>
        </node>

        <node id="bigLegBack"> <!-- Big Leg Z-  -->
            <material id="null" />
            <texture id="null">
                <amplification afs="1.0" aft="1.0" />
            </texture>
            <transformations>
                <translation x="0.4" y="0.0" z="-0.4" />
            </transformations>
            <descendants>
                <noderef id="bigLeg" />
            </descendants>
        </node>

        <node id="carLegs">
            <material id="redMetal" />
            <texture id="clear"> 
                <amplification afs="1.0" aft="1.0" />
            </texture>
            <transformations>
            </transformations>
            <descendants>
                <noderef id="smallLegFront" />
                <noderef id="smallLegBack" />
                <noderef id="bigLegFront" />
                <noderef id="bigLegBack" />
            </descendants>
        </node>

        <!-- _______ Popcorn Car WHEELS _______-->

        <node id="tire">
            <material id="yellowRubber" /> 
            <texture id="wheelsTexture">
                <amplification afs="1" aft="1" />
            </texture>
            <transformations>
            </transformations>
            <descendants>
                <leaf type="torus" inner="0.1" outer="0.55" slices="16" loops="12" />
            </descendants>
        </node>

        <node id="wire0">
            <material id="null" /> 
            <texture id="null">
                <amplification afs="1" aft="1" />
            </texture>
            <transformations>
                <rotation axis="z" angle="-90" />
                <rotation axis="x" angle="-90" />
            </transformations>
            <descendants>
                <leaf type="cylinder" height="0.45" topRadius="0.01" bottomRadius="0.01" stacks="5" slices="10"/>
            </descendants>
        </node>

        <node id="wire60"> <!-- XY plane 60 degrees with xx -->
            <material id="null" /> 
            <texture id="null">
                <amplification afs="1" aft="1" />
            </texture>
            <transformations>
                <rotation axis="z" angle="60" />
            </transformations>
            <descendants>
                <noderef id="wire0" />
            </descendants>
        </node>

        <node id="wire120"> <!-- XY plane 120 degrees with xx -->
            <material id="null" /> 
            <texture id="null">
                <amplification afs="1" aft="1" />
            </texture>
            <transformations>
                <rotation axis="z" angle="120" />
            </transformations>
            <descendants>
                <noderef id="wire0" />
            </descendants>
        </node>

        <node id="wire180"> <!-- XY plane 180 degrees with xx -->
            <material id="null" /> 
            <texture id="null">
                <amplification afs="1" aft="1" />
            </texture>
            <transformations>
                <rotation axis="z" angle="180" />
            </transformations>
            <descendants>
                <noderef id="wire0" />
            </descendants>
        </node>

        <node id="wire240"> <!-- XY plane 240 degrees with xx -->
            <material id="null" /> 
            <texture id="null">
                <amplification afs="1" aft="1" />
            </texture>
            <transformations>
                <rotation axis="z" angle="240" />
            </transformations>
            <descendants>
                <noderef id="wire0" />
            </descendants>
        </node>

        <node id="wire300"> <!-- XY plane 240 degrees with xx -->
            <material id="null" /> 
            <texture id="null">
                <amplification afs="1" aft="1" />
            </texture>
            <transformations>
                <rotation axis="z" angle="300" />
            </transformations>
            <descendants>
                <noderef id="wire0" />
            </descendants>
        </node>

        <node id="wires">
            <material id="greyMetal" /> 
            <texture id="clear">
                <amplification afs="1" aft="1" />
            </texture>
            <transformations>
            </transformations>
            <descendants>
                <noderef id="wire0" />
                <noderef id="wire60" />
                <noderef id="wire120" />
                <noderef id="wire180" />
                <noderef id="wire240" />
                <noderef id="wire300" />
            </descendants>
        </node>

        <node id="button">
            <material id="blackMetal" /> 
            <texture id="clear">
                <amplification afs="1" aft="1" />
            </texture>
            <transformations>
            </transformations>
            <descendants>
                <leaf type="sphere" radius="0.07" slices="20" stacks="20"/>
            </descendants>
        </node>

        <node id="carWheel">
            <material id="null" />
            <texture id="null"> 
                <amplification afs="1.0" aft="1.0" />
            </texture>
            <transformations>
            </transformations>
            <descendants>
                <noderef id="tire" />
                <noderef id="wires" />
                <noderef id="button" />
            </descendants>
        </node>

        <node id="carWheelFront"> <!-- Car Wheel Z+ -->
            <material id="null" />
            <texture id="null"> 
                <amplification afs="1.0" aft="1.0" />
            </texture>
            <transformations>
                <translation x="-0.4" y="0.65" z="0.6" />
            </transformations>
            <descendants>
                <noderef id="carWheel" />
            </descendants>
        </node>

        <node id="carWheelBack"> <!-- Car Wheel Z- -->
            <material id="null" />
            <texture id="null"> 
                <amplification afs="1.0" aft="1.0" />
            </texture>
            <transformations>
                <translation x="-0.4" y="0.65" z="-0.6" />
            </transformations>
            <descendants>
                <noderef id="carWheel" />
            </descendants>
        </node>

        <node id="carWheelConnection"> <!-- Connects the wheels -->
            <material id="greyMetal" />
            <texture id="clear"> 
                <amplification afs="1.0" aft="1.0" />
            </texture>
            <transformations>
                <translation x="-0.4" y="0.65" z="-0.6" />
            </transformations>
            <descendants>
                <leaf type="cylinder" height="1.2" topRadius="0.025" bottomRadius="0.025" stacks="5" slices="15" />
            </descendants>
        </node>

        <node id="carWheels">
            <material id="null" />
            <texture id="null"> 
                <amplification afs="1.0" aft="1.0" />
            </texture>
            <transformations>
            </transformations>
            <descendants>
                <noderef id="carWheelFront" />
                <noderef id="carWheelBack" />
                <noderef id="carWheelConnection" />
            </descendants>
        </node>

        <!-- _______ Popcorn Car BODY _______-->

        <node id="carBottomLogo"> <!-- The sides of the Bottom Banner that have the logo -->
            <material id="whiteDiffuse" />
            <texture id="bottomLogo">
                <amplification afs="1.0" aft="1.0" />
            </texture>
            <transformations>
            </transformations>
            <descendants>
                <noderef id="cubeFront" />
                <noderef id="cubeBack" />
            </descendants>
        </node>

        <node id="carBottomFlat"> <!-- The sides of the Bottom Banner that have a simple color -->
            <material id="redMetal" />
            <texture id="clear">
                <amplification afs="1.0" aft="1.0" />
            </texture>
            <transformations>
            </transformations>
            <descendants>
                <noderef id="cubeRight" />
                <noderef id="cubeLeft" />
                <noderef id="cubeBottom" />
            </descendants>
        </node>

        <node id="carBottom">
            <material id="null" />
            <texture id="null">
                <amplification afs="1.0" aft="1.0" />
            </texture>
            <transformations>
                <translation x="0" y="1.4" z="0" />
                <scale sx="1" sy="0.8" sz="1" />
            </transformations>
            <descendants>
                <noderef id="carBottomLogo" />
                <noderef id="carBottomFlat" />
            </descendants>
        </node>

        <node id="carMiddle"> <!-- Popcorn Glass Container -->
            <material id="whiteDiffuse" />
            <texture id="middleTexture">
                <amplification afs="1.0" aft="1.0" />
            </texture>
            <transformations>
                <translation x="0" y="2.4" z="0" />
                <scale sx="1" sy="1.2" sz="1" />
            </transformations>
            <descendants>
                <noderef id="cubeSides" />
            </descendants>
        </node>

        <node id="carTop"> <!-- Top Logo of the Popcorn Car -->
            <material id="whiteDiffuse" />
            <texture id="topLogo">
                <amplification afs="1.0" aft="1.0" />
            </texture>
            <transformations>
                <translation x="0" y="3.1" z="0" />
                <scale sx="1" sy="0.2" sz="1" />
            </transformations>
            <descendants>
                <noderef id="cubeSides" />
            </descendants>
        </node>


        <!-- _______ Popcorn Car ROOF _______-->

        <node id="trapezeRoof"> <!-- The Side of the Roof -->
            <material id="null" /> 
            <texture id="null">
                <amplification afs="1" aft="1" />
            </texture>
            <transformations>
                <translation x="0" y="0" z="0.2" />
                <rotation axis="x" angle="-34" />
            </transformations>
            <descendants>
                <leaf type="triangle" x1="1" y1="0" x2="1.2" y2="0" x3="1" y3="0.36" />
                <leaf type="triangle" x1="-0.2" y1="0" x2="0" y2="0" x3="0" y3="0.36" />
                <leaf type="rectangle" x1="0" y1="0" x2="1" y2="0.36" />
            </descendants>
        </node>

        <node id="roofFront"> <!-- Roof Z+ Side -->
            <material id="null" /> 
            <texture id="null">
                <amplification afs="1" aft="1" />
            </texture>
            <transformations>
            </transformations>
            <descendants>
                <noderef id="trapezeRoof" />
            </descendants>
        </node>

        <node id="roofBack"> <!-- Roof Z- Side -->
            <material id="null" /> 
            <texture id="null">
                <amplification afs="1" aft="1" />
            </texture>
            <transformations>
                <translation x="1" y="0" z="-1" />
                <rotation axis="y" angle="180" />
            </transformations>
            <descendants>
                <noderef id="trapezeRoof" />
            </descendants>
        </node>

        <node id="roofRight"> <!-- Roof X+ Side -->
            <material id="null" /> 
            <texture id="null">
                <amplification afs="1" aft="1" />
            </texture>
            <transformations>
                <translation x="1" y="0" z="0" />
                <rotation axis="y" angle="90" />
            </transformations>
            <descendants>
                <noderef id="trapezeRoof" />
            </descendants>
        </node>

        <node id="roofLeft"> <!-- Roof X- Side -->
            <material id="null" /> 
            <texture id="null">
                <amplification afs="1" aft="1" />
            </texture>
            <transformations>
                <translation x="0" y="0" z="-1" />
                <rotation axis="y" angle="-90" />
            </transformations>
            <descendants>
                <noderef id="trapezeRoof" />
            </descendants>
        </node>

        <node id="roofBottom"> <!-- Roof Bottom Rectangle -->
            <material id="null" /> 
            <texture id="null">
                <amplification afs="1" aft="1" />
            </texture>
            <transformations>
                <translation x="-0.2" y="0" z="-1.2" />
                <rotation axis="x" angle="90" />
            </transformations>
            <descendants>
                <leaf type="rectangle" x1="0" y1="0" x2="1.4" y2="1.4" />
            </descendants>
        </node>

        <node id="roofTop"> <!-- Roof Top Rectangle -->
            <material id="null" /> 
            <texture id="null">
                <amplification afs="1" aft="1" />
            </texture>
            <transformations>
                <translation x="0" y="0.3" z="0" />
                <rotation axis="x" angle="-90" />
            </transformations>
            <descendants>
                <leaf type="rectangle" x1="0" y1="0" x2="1" y2="1" />
            </descendants>
        </node>

        <node id="carRoof">
            <material id="blackMetal" /> 
            <texture id="clear">
                <amplification afs="1" aft="1" />
            </texture>
            <transformations>
                <translation x="-0.5" y="3.2" z="0.5"/>
            </transformations>
            <descendants>
                <noderef id="roofTop" />
                <noderef id="roofBottom" />
                <noderef id="roofRight" />
                <noderef id="roofLeft" />
                <noderef id="roofFront" />
                <noderef id="roofBack" />
            </descendants>
        </node>

        <!-- _______ Popcorn Car MINI TABLE _______-->

        <node id="miniTableFront"> <!-- MiniTable Z+ Side-->
            <material id="null" /> 
            <texture id="null">
                <amplification afs="1" aft="1" />
            </texture>
            <transformations>
                <translation x="-0.9" y="1.5" z="0.5" />
            </transformations>
            <descendants>
                <leaf type="triangle" x1="0" y1="0.25" x2="0.4" y2="0" x3="0.4" y3="0.25" />
            </descendants>
        </node>

        <node id="miniTableBack"> <!-- MiniTable Z- Side-->
            <material id="null" /> 
            <texture id="null">
                <amplification afs="1" aft="1" />
            </texture>
            <transformations>
                <translation x="-0.5" y="1.5" z="-0.5" />
                <rotation axis="y" angle="180" />
            </transformations>
            <descendants>
                <leaf type="triangle" x1="0" y1="0" x2="0.4" y2="0.25" x3="0" y3="0.25" />
            </descendants>
        </node>

        <node id="miniTableBottom">
            <material id="null" /> 
            <texture id="null">
                <amplification afs="1" aft="1" />
            </texture>
            <transformations>
                <translation x="-0.5" y="1.5" z="0.5" />
                <rotation axis="z" angle="148" />
                <rotation axis="x" angle="-90" />
            </transformations>
            <descendants>
                <leaf type="rectangle" x1="0" y1="0" x2="0.47" y2="1" />
            </descendants>
        </node>

        <node id="miniTableTop">
            <material id="null" /> 
            <texture id="null">
                <amplification afs="1" aft="1" />
            </texture>
            <transformations>
                <translation x="-0.9" y="1.75" z="0.5" />
                <rotation axis="x" angle="-90" />
            </transformations>
            <descendants>
                <leaf type="rectangle" x1="0" y1="0" x2="0.4" y2="1" />
            </descendants>
        </node>


        <node id="miniTable">
            <material id="redMetal" /> 
            <texture id="clear">
                <amplification afs="1" aft="1" />
            </texture>
            <transformations>
            </transformations>
            <descendants>
                <noderef id="miniTableTop" />
                <noderef id="miniTableBottom" />
                <noderef id="miniTableFront" />
                <noderef id="miniTableBack" />
            </descendants>
        </node>

        <!-- _______ Popcorn Car GRABBER _______-->


        <node id="grabberFrontFace"> <!-- Grabber Side Visible from Z+ -->
            <material id="null" /> 
            <texture id="null">
                <amplification afs="1" aft="1" />
            </texture>
            <transformations>
            </transformations>
            <descendants>
                <leaf type="triangle" x1="0" y1="0" x2="0.3" y2="0.2" x3="0" y3="0.2" />
            </descendants>
        </node>

        <node id="grabberFront1"> <!-- Front Face of the Nearest Side of the Grabber -->
            <material id="null" /> 
            <texture id="null">
                <amplification afs="1" aft="1" />
            </texture>
            <transformations>
                <translation x="0" y="0" z="0.5" />
            </transformations>
            <descendants>
                <noderef id="grabberFrontFace" />
            </descendants>
        </node>

        <node id="grabberFront2"> <!-- Front Face of the Furthest Side of the Grabber -->
            <material id="null" /> 
            <texture id="null">
                <amplification afs="1" aft="1" />
            </texture>
            <transformations>
                <translation x="0" y="0" z="-0.5" />
            </transformations>
            <descendants>
                <noderef id="grabberFrontFace" />
            </descendants>
        </node>

        <node id="grabberBackFace"> <!-- Grabber Side Visible from Z- -->
            <material id="null" /> 
            <texture id="null">
                <amplification afs="1" aft="1" />
            </texture>
            <transformations>
                <rotation axis="y" angle="180" />
            </transformations>
            <descendants>
                <leaf type="triangle" x1="-0.3" y1="0.2" x2="0" y2="0" x3="0" y3="0.2" />
            </descendants>
        </node>

        <node id="grabberBack1"> <!-- Back Face of the Nearest Side of the Grabber -->
            <material id="null" /> 
            <texture id="null">
                <amplification afs="1" aft="1" />
            </texture>
            <transformations>
                <translation x="0" y="0" z="0.5" />
            </transformations>
            <descendants>
                <noderef id="grabberBackFace" />
            </descendants>
        </node>

        <node id="grabberBack2"> <!-- Back Face of the Furthest Side of the Grabber -->
            <material id="null" /> 
            <texture id="null">
                <amplification afs="1" aft="1" />
            </texture>
            <transformations>
                <translation x="0" y="0" z="-0.5" />
            </transformations>
            <descendants>
                <noderef id="grabberBackFace" />
            </descendants>
        </node>

        <node id="grabberGrab">
            <material id="greyMetal" /> 
            <texture id="clear">
                <amplification afs="1" aft="1" />
            </texture>
            <transformations>
                <translation x="0.225" y="0.175" z="-0.5" />
            </transformations>
            <descendants>
                <leaf type="cylinder" height="1" topRadius="0.02" bottomRadius="0.02" stacks="5" slices="15" />
            </descendants>
        </node>

        <node id="carGrabber">
            <material id="redMetal" /> 
            <texture id="clear">
                <amplification afs="1" aft="1" />
            </texture>
            <transformations>
                <translation x="0.5" y="1.55" z="0" />
            </transformations>
            <descendants>
                <noderef id="grabberFront1" />
                <noderef id="grabberBack1" />
                <noderef id="grabberFront2" />
                <noderef id="grabberBack2" />
                <noderef id="grabberGrab" />
            </descendants>
        </node>

        <!-- _______ Popcorn Car _______-->

        <node id="popcornCar">
            <material id="null" /> 
            <texture id="null">
                <amplification afs="1" aft="1" />
            </texture>
            <transformations>
                <scale sx="2" sy="2" sz="2" />
            </transformations>
            <descendants>
                <noderef id="carBottom" />
                <noderef id="carTop" />
                <noderef id="carMiddle" />
                <noderef id="carRoof" />
                <noderef id="carLegs" />
                <noderef id="carWheels" />
                <noderef id="miniTable" />
                <noderef id="carGrabber" />
            </descendants>
        </node>

        <!-- _______ Ballons _______-->

        <node id="ballonSphere">
            <material id="null" /> 
            <texture id="null">
                <amplification afs="1" aft="1" />
            </texture>
            <transformations>
                <translation x="0" y="10" z="0" />
            </transformations>
            <descendants>            
                <leaf type="sphere" radius="1" slices="5" stacks="5"/>
            </descendants>
        </node>

        <node id="ballonWire">
            <material id="greyDiffuse" /> 
            <texture id="clear">
                <amplification afs="1" aft="1" />
            </texture>
            <transformations>
                <rotation axis="x" angle="-90" />
            </transformations>
            <descendants>            
                <leaf type="cylinder" height="10" topRadius="0.01" bottomRadius="0.01" stacks="5" slices="5" />
            </descendants>
        </node>

        <node id="ballon1">
            <material id="null" /> 
            <texture id="null">
                <amplification afs="1" aft="1" />
            </texture>
            <transformations>
                <rotation axis="z" angle="7" />
            </transformations>
            <descendants>
                <noderef id="ballonSphere" />
                <noderef id="ballonWire" />
            </descendants>
        </node>

        <node id="ballon2">
            <material id="null" /> 
            <texture id="null">
                <amplification afs="1" aft="1" />
            </texture>
            <transformations>
                <rotation axis="x" angle="10" />
            </transformations>
            <descendants>
                <noderef id="ballonSphere" />
                <noderef id="ballonWire" />
            </descendants>
        </node>

        <node id="ballon3">
            <material id="null" /> 
            <texture id="null">
                <amplification afs="1" aft="1" />
            </texture>
            <transformations>
                <rotation axis="z" angle="-12" />
            </transformations>
            <descendants>
                <noderef id="ballonSphere" />
                <noderef id="ballonWire" />
            </descendants>
        </node>

        <node id="ballonGroup1">
            <material id="yellowRubber" /> 
            <texture id="clear">
                <amplification afs="1" aft="1" />
            </texture>
            <transformations>
                <translation x="-7" y="0" z="0" />
                <rotation axis="y" angle="90" />
            </transformations>
            <descendants>
                <noderef id="ballon1" />
                <noderef id="ballon2" />
                <noderef id="ballon3" />
            </descendants>
        </node>

        <node id="ballonGroup2">
            <material id="redMetal" /> 
            <texture id="clear">
                <amplification afs="1" aft="1" />
            </texture>
            <transformations>
                <translation x="7" y="0" z="0" />
                <rotation axis="y" angle="-5" />
            </transformations>
            <descendants>
                <noderef id="ballon1" />
                <noderef id="ballon2" />
                <noderef id="ballon3" />
            </descendants>
        </node>

        <!--_________ Scenario _________-->

        <node id="ground">
            <material id="whiteDiffuse" /> 
            <texture id="groundTexture">
                <amplification afs="1" aft="1" />
            </texture>
            <transformations>
                <scale sx="24" sy="1" sz="24" />
                <rotation axis="x" angle="-90" />
            </transformations>
            <descendants>
                <leaf type="rectangle" x1="-0.5" y1="-0.5" x2="0.5" y2="0.5" />
            </descendants>
        </node>


        <node id="background">
            <material id="whiteDiffuse" /> 
            <texture id="backgroundImage">
                <amplification afs="1" aft="1" />
            </texture>
            <transformations>
                <translation x="0" y="6" z="-12" />
                <scale sx="24" sy="12" sz="1" />
            </transformations>
            <descendants>
                <leaf type="rectangle" x1="-0.5" y1="-0.5" x2="0.5" y2="0.5" />
            </descendants>
        </node>

        <!--_________ FUN FAIR ROOT _________-->

        <node id="funFair">
            <material id="whiteDiffuse" /> 
            <texture id="clear">
                <amplification afs="1" aft="1" />
            </texture>
            <transformations>
            </transformations>
            <descendants>
                <noderef id="popcornCar" />
                <noderef id="ballonGroup1" />
                <noderef id="ballonGroup2" />
                <noderef id="ground" />
                <noderef id="background" />
            </descendants>
        </node>

    </nodes>
</lsf>
